Sku,Title,Price,Regular Price,Primary,Sub,Sub Sub,img
16-005,3/4 Inch 12pcs Packet Concrete Nail HMBR Brand,6,6,Tools and Hardware,Screws Nails and Anchors,Nails,https://fixit.com.bd/wp-content/uploads/2020/01/16-005A.jpg
16-762,1 Inch Stainless Steel Angle Bracket,22,22,Building Materials,Builders Hardware,Corner Braces,https://fixit.com.bd/wp-content/uploads/2020/01/16-761A.jpg
16-591,3/4 Inch 2Pcs Packet Top Plane Nut &amp; Bolt,14,14,Tools and Hardware,Screws Nails and Anchors,Nuts,https://fixit.com.bd/wp-content/uploads/2020/01/16-591A.jpg
03-123,12 Inch Hack Saw Blade Karigor Brand,6,6,Tools and Hardware,Hand Tools,Hand Saws and Cutting Tools,https://fixit.com.bd/wp-content/uploads/2020/01/03-123A.jpg
21-160,500 mg One Drop Instant Adhesive Fevikwik Brand,5,5,Paint,Duct Tape Glues and Epoxy,Glues and Epoxy,https://fixit.com.bd/wp-content/uploads/2020/01/21-160A.jpg
19-021,1.5 Inch Metal Pipe & Hose Clamp,14,14,Plumbing,Plumbing Accessories,Hoses and Accessories,https://fixit.com.bd/wp-content/uploads/2020/01/19-021-web.jpg
19-277,10 m Thread Seal Tape PTFE Teflon HMBR Brand (Seals Gap between Pipe Threads),19,19,Plumbing,Plumbing Accessories,Pipe Putty and Sealants,https://fixit.com.bd/wp-content/uploads/2020/01/19-277-web.jpg
29-056,1 Inch x 132 ft. Fluorescent Yellow &amp; Black Industrial Vinyl Tape for Floor Markings Bicycle Safety Decoration &amp; More (1 feet 48 tk),48,48,Storage and Organization,Office Supplies,Adhesives and Tape,https://fixit.com.bd/wp-content/uploads/2020/01/29-056A.jpg
19-018,3/4 Inch Metal Hose Clamp (Fit Rubber Pipes with Garden Taps),9,9,Lawn and Garden,Watering and Irrigation,Spray Guns,https://fixit.com.bd/wp-content/uploads/2020/01/19-020-web.jpg
29-078,0.36 Inch Clear Tape Scotch Type for Office Use,10,10,Storage and Organization,Office Supplies,Adhesives and Tape,https://fixit.com.bd/wp-content/uploads/2020/01/29-078A.jpg
20-1017,0.50 inch Cable Clip with Pre-Installed Nail,11,12,Electrical,Electrical Tools and Accessories,Cable Clips,https://fixit.com.bd/wp-content/uploads/2020/01/20-1017-web.jpg
19-011,20 m Thread Seal Tape PTFE Teflon HMBR Brand (Seals Gap between Pipe Threads),29,29,Plumbing,Plumbing Accessories,Pipe Putty and Sealants,https://fixit.com.bd/wp-content/uploads/2020/01/19-011A.jpg
16-619,1 Inch (12 Pcs Packet) Metal Star Screw MK Brand,14,14,Tools and Hardware,Screws Nails and Anchors,,https://fixit.com.bd/wp-content/uploads/2020/01/16-539-web.png
24-003,100gm Korean Putty Sealant HMBR Brand for Pipe Tin Shed Leaks,14,15,Plumbing,Plumbing Accessories,Pipe Putty and Sealants,https://fixit.com.bd/wp-content/uploads/2020/01/24-003A-1.jpg
26-2994,Blue & White Color Mini Water Filter Best with Long Neck Kitchen Tap (General Fit),14,15,Kitchen,Water Dispensers and Filters,Water Filtration Systems,https://fixit.com.bd/wp-content/uploads/2020/01/26-2994.jpg
05-1284,Big Size Plastic Magnet Catch HMBR Brand 2 Inch x 1 Inch,19,19,Tools and Hardware,Cabinet and Furniture Hardware,Cabinet Latches,https://fixit.com.bd/wp-content/uploads/2020/01/05-1284.jpg
26-2323,1.5 Inch Plastic Water Filter Glitter Brand Best with Long Neck Kitchen Tap (General Fit),15,16,Kitchen,Water Dispensers and Filters,Water Filtration Systems,https://fixit.com.bd/wp-content/uploads/2020/01/26-2323A.jpg
20-559,6 Inch 100 Pcs Packet Off White Color Cable Tie,70,70,Electrical,Electrical Tools and Accessories,Cable Tie,https://fixit.com.bd/wp-content/uploads/2020/01/20-559A.jpg
16-919,6mm Metal Royal Bolt,17,18,Tools and Hardware,Screws Nails and Anchors,Anchors,https://fixit.com.bd/wp-content/uploads/2020/01/16-919A.jpg
27-082,Yellow Color Ear Protector Ear Buds,70,70,Tools and Hardware,Safety and Security,Hearing Protection,https://fixit.com.bd/wp-content/uploads/2020/01/27-082.jpg
16-555,6mx10m 4Pcs Packet Button LN Head Socket Cap Screw,19,20,Tools and Hardware,Screws Nails and Anchors,,https://fixit.com.bd/wp-content/uploads/2020/01/16-555A.jpg
20-1018,0.75 Inch Cable Clip with Pre-Installed Nail,19,20,Electrical,Electrical Tools and Accessories,Cable Clips,https://fixit.com.bd/wp-content/uploads/2020/01/20-1018A.jpg
26-1423,12 Inch Single Non-Slip Grip Wooden Spoon,19,20,Kitchen,Cooking and Food Preparation,Ladles and Spoons,https://fixit.com.bd/wp-content/uploads/2020/01/26-1423A.jpg
26-2893,Single Pc Steel Wool for Dish & Plate washing POLYLite Brand,19,20,Kitchen,Small Appliances,Scrubbers and Sponges,https://fixit.com.bd/wp-content/uploads/2020/01/26-2893A.jpg
16-339,15mm (4 Pcs Packet) Iron Nut Bolt,21,22,Tools and Hardware,Screws Nails and Anchors,Nuts,https://fixit.com.bd/wp-content/uploads/2020/01/16-339A.jpg
16-402,12mm 4Pcs Packet Button Head Socket Cap Screw LN Screw,21,22,Tools and Hardware,Screws Nails and Anchors,,https://fixit.com.bd/wp-content/uploads/2020/01/16-402A.jpg
16-948,2 Inch Stainless Steel 12 Pcs Packet Screw,29,29,Tools and Hardware,Screws Nails and Anchors,Screws,https://fixit.com.bd/wp-content/uploads/2020/01/16-948A.jpg
16-403,20mm (4 Pcs Packet) Iron LN Key Cap Screw,19,19,Tools and Hardware,Screws Nails and Anchors,,https://fixit.com.bd/wp-content/uploads/2020/01/16-403A.jpg
36-373,50 ml Liquid Glue Stick Paper Glue BOBO Brand Model 5020,24,25,Paint,Duct Tape Glues and Epoxy,Glues and Epoxy,https://fixit.com.bd/wp-content/uploads/2020/01/36-373A.jpg
36-412,3 Inch Stainless Steel Nail Cutter Rimei Brand 605-6425,24,25,Cleaning,Personal Care,Nail Care,https://fixit.com.bd/wp-content/uploads/2020/01/36-412A.jpg
36-465,6mm Stapler Pin Kangaro Brand,24,25,Storage and Organization,Office Supplies,Stapler Pins,https://fixit.com.bd/wp-content/uploads/2020/01/36-465A.jpg
16-174,10mm 2 Pcs Packet Iron Nut and Bolt,25,26,Tools and Hardware,Screws Nails and Anchors,Anchors,https://fixit.com.bd/wp-content/uploads/2020/01/16-174.jpg
20-560,8 Inch (50 Pcs Packet) White Color Cable Tie,37,37,Electrical,Electrical Tools and Accessories,Cable Tie,https://fixit.com.bd/wp-content/uploads/2020/01/20-560-web.jpg
16-357,20mm 5Pcs Packet Button Head Socket Cap Screw LN Screw,27,27,Tools and Hardware,Screws Nails and Anchors,,https://fixit.com.bd/wp-content/uploads/2020/01/16-357A.jpg
26-1682,4 Pcs Packet Kitchen Mitt (Lusnee),33,33,Kitchen,Small Appliances,Kitchen Accessories,https://fixit.com.bd/wp-content/uploads/2020/01/26-1682.jpg
26-403,Robin Rosin (Rozon) Box Model KC-240 for Soldering Use,27,29,Tools and Hardware,Welding &amp; Soldering,Soldering,https://fixit.com.bd/wp-content/uploads/2020/01/26-403-web.jpg
01-666,3 Inch Black Color Plastic Wall Scraper,27,27,Lawn and Garden,Garden Tools,Snow Shovels and Scrapers,https://fixit.com.bd/wp-content/uploads/2020/01/01-666A.jpg
16-353,15mm 5Pcs Packet Button Head Socket Cap Screw LN Screw,24,24,Tools and Hardware,Screws Nails and Anchors,,https://fixit.com.bd/wp-content/uploads/2020/01/16-353A.jpg
20-1462,60 Watt Clear Traditional Incandescent Bulb Superstar Brand 2 Pin Bayonet Install,28,29,Electrical,Light Bulbs,LED Light Bulbs,https://fixit.com.bd/wp-content/uploads/2020/01/20-1462A.jpg
28-108,50 gm Powder Ant Killing Bait,30,30,Lawn and Garden,Insect and Pest Control,Home and Perimeter Insect Control,https://fixit.com.bd/wp-content/uploads/2020/01/28-099A.jpg
26-3343,(2 Kg Capacity) 5 Pcs Pink People Adhesive Picture Hook (Sticks to Wall),30,31,Tools and Hardware,Fasteners,Picture and Mirror Hanging,https://fixit.com.bd/wp-content/uploads/2020/01/26-3343A.jpg
10-055,1.5 Inch Brown Color Synthetic/Chinese bristle Paint Brush Karigor Brand,42,42,Paint,Paint Supplies,Paint Brushes,https://fixit.com.bd/wp-content/uploads/2020/01/10-055-web.jpg
26-2339,10 Inch Rounded Wooden Spoon,33,35,Kitchen,Cooking and Food Preparation,Ladles and Spoons,https://fixit.com.bd/wp-content/uploads/2020/01/26-2339b.jpg
26-168,1.5 Inch Plastic Compass,34,36,Tools and Hardware,Hand Tools,Compass,https://fixit.com.bd/wp-content/uploads/2020/01/26-168.jpg
05-404,501mm Golden &amp; Silver Color Furniture Knob,32,32,Tools and Hardware,Cabinet and Furniture Hardware,Knobs,https://fixit.com.bd/wp-content/uploads/2020/01/05-404A.jpg
16-013,1.5 Inch (12 Pcs Packet) Golden Color Round Hook Screw In Install,19,19,Storage and Organization,Home Storage Hooks,Hooks,https://fixit.com.bd/wp-content/uploads/2020/01/16-445-web.png
05-835,Antique Copper Color Furniture Knob HMBR Brand,37,39,Tools and Hardware,Cabinet and Furniture Hardware,Knobs,https://fixit.com.bd/wp-content/uploads/2020/01/05-835A.jpg
36-352,Metal Paper Binder Clip,30,30,Storage and Organization,Office Supplies,Office Fasteners,https://fixit.com.bd/wp-content/uploads/2020/01/36-352.jpg
20-331,Gray Color 1 Plug to 2 Jack Telephone Connector,35,35,Electrical,Dimmers Switches and Outlets,Plugs and Connectors|Electrical,https://fixit.com.bd/wp-content/uploads/2020/01/20-331A.jpg
19-571,1.25 Inch Diameter White Color Plastic Magic Hose Flexible PVC Pipe HMBR Brand,34,34,Plumbing,Plumbing Accessories,Hoses and Accessories,https://fixit.com.bd/wp-content/uploads/2020/01/19-571A.jpg
26-691,Cotton Hand Gloves With Yellow Rubber Grip Dots for Welding  Masonry Electrical &amp; Other Heavy Duty Work,57,57,Tools and Hardware,Safety Gear and Equipment,Work Gloves,https://fixit.com.bd/wp-content/uploads/2020/01/26-691-web.jpg
36-382,Blue Color 2 in 1 Sharpener Eraser,19,19,Storage and Organization,Office Supplies,Erasers,https://fixit.com.bd/wp-content/uploads/2020/01/36-382A.jpg
36-383,Two Hole Pencil Sharpener,38,40,Storage and Organization,Office Supplies,Sharpeners,https://fixit.com.bd/wp-content/uploads/2020/01/36-383.jpg
20-565,40 Watt Traditional Candle Incandescent Bulb E27 Screw In Install,37,37,Electrical,Light Bulbs,LED Light Bulbs,https://fixit.com.bd/wp-content/uploads/2020/01/20-565.jpg
26-3342,2 Pcs Pack Pink & Yellow Steel Wool Sponge,43,45,Kitchen,Small Appliances,Scrubbers and Sponges,https://fixit.com.bd/wp-content/uploads/2020/01/26-3342A.jpg
26-3231,2 Inch Black and Blue Color Stainless Steel Fancy Nail Cutter Rimei Brand,46,48,Cleaning,Personal Care,Nail Care,https://fixit.com.bd/wp-content/uploads/2020/01/26-3231A.jpg
04-596,6mm Stainless Steel Bi-Hex ring & open Jaw dual Wrench Feibao Brand,48,50,Tools and Hardware,Hand Tools,Wrenches,https://fixit.com.bd/wp-content/uploads/2020/01/04-596A.jpg
16-910,1.5 Inch Metal Cable Rope / U-Bolt,48,50,Tools and Hardware,Wire Rope Fittings,Wire Rope Clips,https://fixit.com.bd/wp-content/uploads/2020/01/16-910A.jpg
01-383,4 Inch Flat Head Yellow Transparent Handle Screwdriver,46,46,Tools and Hardware,Hand Tools,Screwdrivers,https://fixit.com.bd/wp-content/uploads/2020/01/01-383A.jpg
29-029,0.5 Inch Masking Tape great for Painters,43,43,Storage and Organization,Office Supplies,Adhesives and Tape,https://fixit.com.bd/wp-content/uploads/2020/01/29-029-web.jpg
04-597,8mm Stainless Steel Bi-Hex ring & open Jaw dual Wrench Feibao Brand,52,55,Tools and Hardware,Hand Tools,Wrenches,https://fixit.com.bd/wp-content/uploads/2020/01/04-597A.jpg
04-598,9mm Stainless Steel Bi-Hex ring & open Jaw dual Wrench Feibao Brand,52,55,Tools and Hardware,Hand Tools,Wrenches,https://fixit.com.bd/wp-content/uploads/2020/01/04-598A.jpg
26-2213,200  ml Anti-Bacterial Hand Wash Freshtone Brand,52,55,Cleaning,Personal Care,Hand Soaps and Sanitizers,https://fixit.com.bd/wp-content/uploads/2020/01/26-2213A.jpg
33-006,Purple Color Plastic Rope for Tying Bags &amp; Packages,23,23,Tools and Hardware,Chain and Rope,Rope,https://fixit.com.bd/wp-content/uploads/2020/01/33-006-web.jpg
20-393,Yellow Color Plastic Handle Electric Tester,44,44,Electrical,Electrical Tools and Accessories,Electrical Test Meter,https://fixit.com.bd/wp-content/uploads/2020/01/20-393.jpg
18-022,Nurani Kachi Short Iron Sickle,65,65,Lawn and Garden,Garden Tools,Gardening Tools,https://fixit.com.bd/wp-content/uploads/2020/01/nurani-kachi.jpg
19-739,2.75  Inch Diameter White Color Plastic Magic Hose Flexible PVC Pipe HMBR Brand,56,59,Plumbing,Plumbing Accessories,Hoses and Accessories,https://fixit.com.bd/wp-content/uploads/2020/01/19-739A.jpg
21-213,250 gm Synthetic Resin Adhesive Fevicol Brand For Use In Furniture Heat &amp; Water Resistant,90,90,Paint,Duct Tape Glues and Epoxy,Glues and Epoxy,https://fixit.com.bd/wp-content/uploads/2020/01/21-067A.jpg
04-599,10mm Stainless Steel Bi-Hex ring & open Jaw dual Wrench Feibao Brand,57,60,Tools and Hardware,Hand Tools,Wrenches,https://fixit.com.bd/wp-content/uploads/2020/01/04-599A.jpg
16-261,3.5 ft. Rubber Door Seal / Gasket Keep Out Smells &amp; Dirt from Room,67,67,Doors and Windows,Entry Doors,Door Accessories,https://fixit.com.bd/wp-content/uploads/2020/01/16-261A.jpg
20-1208,16 Inch Size 5X400mm Off-White Color 24 Pcs Packet Cable Tie,57,60,Electrical,Electrical Tools and Accessories,Cable Tie,https://fixit.com.bd/wp-content/uploads/2020/01/20-1208A.jpg
26-3464,Cloth Brush with Plastic handle,57,60,Cleaning,Cleaning Tools and Supplies,Cloth Brushes,https://fixit.com.bd/wp-content/uploads/2020/01/26-3464A.jpg
26-3960,Disposable Bamboo Stick for BBQ 3052 for great Shashliks & Kebabs,57,60,Kitchen,Small Appliances,Barbecue Accessories,https://fixit.com.bd/wp-content/uploads/2020/01/26-3960A.jpg
25-052,Auto Closer 2.75 Inch Conceal Hinge HMBR brand,57,59,Tools and Hardware,Cabinet and Furniture Hardware,Hinges,https://fixit.com.bd/wp-content/uploads/2020/01/25-052A.jpg
26-381,200  ml Liquid Savlon Antiseptic Handwash ACI Brand,43,43,Cleaning,Personal Care,Hand Soaps and Sanitizers,https://fixit.com.bd/wp-content/uploads/2020/01/26-381a.jpg
27-011,Blue Plastic Fabric Filter Dust Mask HMBR Brand,50,50,Tools and Hardware,Safety and Security,Respiratory Masks,https://fixit.com.bd/wp-content/uploads/2020/01/27-011.jpg
04-600,11mm Stainless Steel Bi-Hex ring & open Jaw dual Wrench Feibao Brand,62,65,Tools and Hardware,Hand Tools,Wrenches,https://fixit.com.bd/wp-content/uploads/2020/01/04-600A.jpg
33-108,5m Blue & White Heavy Duty Nylon Rope HMBR Brand,64,67,Tools and Hardware,Chain and Rope,Rope,https://fixit.com.bd/wp-content/uploads/2020/01/33-108-web.jpg
05-923,64mm Antique Brass Color Metal Furniture Handle,66,69,Tools and Hardware,Cabinet and Furniture Hardware,Pulls,https://fixit.com.bd/wp-content/uploads/2020/01/05-923A.jpg
04-601,12mm Stainless Steel Bi-Hex ring & open Jaw dual Wrench Feibao Brand,67,70,Tools and Hardware,Hand Tools,Wrenches,https://fixit.com.bd/wp-content/uploads/2020/01/04-601A.jpg
26-3230,2 Inch Black and Red Color Stainless Steel Fancy Nail Cutter Rimei Brand,67,70,Cleaning,Personal Care,Nail Care,https://fixit.com.bd/wp-content/uploads/2020/01/26-3230A.jpg
26-3953,Small Steel Nail Cutter Milk 1106 comes with Pink plastic keyring case,67,70,Cleaning,Personal Care,Nail Care,https://fixit.com.bd/wp-content/uploads/2020/01/26-3953A.jpg
21-036,13g 4 Minute 3 Ton Standard Araldite Epoxy Glue use for PlasticRubber CeramicWoodGlassMetal Concrete,62,70,Paint,Duct Tape Glues and Epoxy,,https://fixit.com.bd/wp-content/uploads/2020/01/21-036A.jpg
26-2775,12 Pcs Multi Color Plastic Cloth Clip,69,73,Storage and Organization,Garages and Outdoor Storage,Canopy Accessories,https://fixit.com.bd/wp-content/uploads/2020/01/26-2775A.jpg
26-2776,14 Pcs Multi Color Plastic Cloth Clip,69,73,Storage and Organization,Garages and Outdoor Storage,Canopy Accessories,https://fixit.com.bd/wp-content/uploads/2020/01/26-2776A.jpg
38-192,10 Meter Black Color Measuring Tape Yukai Brand (Damage Product),70,73,Tools and Hardware,Hand Tools,Measure and Layout Tools,https://fixit.com.bd/wp-content/uploads/2020/01/38-192A.jpg
25-054,Antique Brass Color Butterfly Hinge HMBR Brand 3 Inch x 2.25 Inch,95,95,Tools and Hardware,Cabinet and Furniture Hardware,Hinges,https://fixit.com.bd/wp-content/uploads/2020/01/25-054A.jpg
05-1267,25mm Antique Brass Color Pipe Socket Victorian Cut Design,75,78,Plumbing,Pipes and Fittings,Steel Pipe and Fittings,https://fixit.com.bd/wp-content/uploads/2020/01/05-1267-web.jpg
04-603,14mm Stainless Steel Bi-Hex ring & open Jaw dual Wrench Feibao Brand,76,80,Tools and Hardware,Hand Tools,Wrenches,https://fixit.com.bd/wp-content/uploads/2020/01/04-603A.jpg
05-1543,14 Inch Sliding Drawer Channel,76,80,Tools and Hardware,Cabinet and Furniture Hardware,Drawer Channel,https://fixit.com.bd/wp-content/uploads/2020/01/05-1543A.jpg
26-3190,Small Size Bamboo Skewer Stick for great Shashliks & Kebabs Jiayi Brand,76,80,Kitchen,Small Appliances,Barbecue Accessories,https://fixit.com.bd/wp-content/uploads/2020/01/26-3190A.jpg
26-3233,2.5 Inch Stainless Steel Key Holder with Key Ring Rimei Brand A201,76,80,Tools and Hardware,Keys and Accessories,,https://fixit.com.bd/wp-content/uploads/2020/01/26-3233A.jpg
26-3238,3 Inch Stainless Steel Fancy Nail Cutter with Pink Flower Design,76,80,Cleaning,Personal Care,Nail Care,https://fixit.com.bd/wp-content/uploads/2020/01/26-3238A.jpg
36-398,8 Inch Thin Tip Paint Brush for Caligraphy,76,80,Paint,Paint Supplies,Paint Brushes,https://fixit.com.bd/wp-content/uploads/2020/01/36-398-web.jpg
40-061,Pet Brush/Comb with Wooden Handle,333,333,Outdoor Living,Pet Supplies and Wildlife,Brushes and Combs,https://fixit.com.bd/wp-content/uploads/2020/01/40-061-web.jpg
06-279,3 Digit Blue Color Resettable Mini Combiniation Padlock Lock,76,80,Tools and Hardware,Safety and Security,Pad Locks,https://fixit.com.bd/wp-content/uploads/2020/01/06-279A.jpg
40-025,Red Color Pet Dog Belt With Pet Dog Handle,77,81,Outdoor Living,Pet Supplies and Wildlife,Belts,https://fixit.com.bd/wp-content/uploads/2020/01/40-025B.jpg
10-002,2 Inch Brown Color Natural bristle Paint Brush HMBR Brand,71,71,Paint,Paint Supplies,Paint Brushes,https://fixit.com.bd/wp-content/uploads/2020/01/10-002-web.jpg
26-2300,12 Pcs Packet Multi-Color Plastic Cloth Clip,71,71,Storage and Organization,Garages and Outdoor Storage,Canopy Accessories,https://fixit.com.bd/wp-content/uploads/2020/01/26-2300A.jpg
26-3415,300  ml Blue Color Spray Bottle,81,85,Cleaning,Cleaning Tools and Supplies,Spray Bottles,https://fixit.com.bd/wp-content/uploads/2020/01/26-3415A.jpg
26-2123,500  ml Fresh Scented Glass Cleaner Refill Kelly's Brand,76,76,Cleaning,Household Cleaners,Glass and Window Cleaners,https://fixit.com.bd/wp-content/uploads/2020/01/26-2123.jpg
20-1211,10 Inch Size 8X250mm Off-White Color 50 Pcs Packet Cable Tie,86,90,Electrical,Electrical Tools and Accessories,Cable Tie,https://fixit.com.bd/wp-content/uploads/2020/01/20-1211A.jpg
26-3191,25cm Big Size Bamboo Skewer Stick for great Shashliks & Kebabs,86,90,Kitchen,Small Appliances,Barbecue Accessories,https://fixit.com.bd/wp-content/uploads/2020/01/26-3191A.jpg
26-3380,4 Pcs Packet Steel Wool Scrubber Set for Dish & Plate Washing VIP SUN Brand,86,90,Kitchen,Small Appliances,Scrubbers and Sponges,https://fixit.com.bd/wp-content/uploads/2020/01/26-3380A.jpg
29-077,2 Inch Paper Gum Tape,86,90,Storage and Organization,Office Supplies,Adhesives and Tape,https://fixit.com.bd/wp-content/uploads/2020/01/29-077.jpg
29-158,1.5 Inch Masking Tape great for Painters,86,90,Storage and Organization,Office Supplies,Adhesives and Tape,https://fixit.com.bd/wp-content/uploads/2020/01/29-158A.jpg
36-396,Paint Brush with Thin Tip Best for Caligraphy,86,90,Paint,Paint Supplies,Paint Brushes,https://fixit.com.bd/wp-content/uploads/2020/01/36-396A.jpg
36-403,4 Inch Scissor With Plastic Handle Dexian Brand,86,90,Tools and Hardware,Hand Tools,Scissors,https://fixit.com.bd/wp-content/uploads/2020/01/36-403-web.jpg
16-081,6 Inch Antique Copper Color Tower Bolt (Chitkani) HMBR Brand,79,79,Tools and Hardware,Cabinet and Furniture Hardware,Latches ( Chitkini ),https://fixit.com.bd/wp-content/uploads/2020/01/16-081A.jpg
26-969,9 Volt Heavy Duty Battery Pakko Brand,80,80,Electrical,Batteries,Household Batteries,https://fixit.com.bd/wp-content/uploads/2020/01/26-969.jpg
10-058,4 Inch Brown Color Synthetic/Chinese bristle Paint Brush Karigor Brand,83,83,Paint,Paint Supplies,Paint Brushes,https://fixit.com.bd/wp-content/uploads/2020/01/10-058-web.jpg
16-871,4 Inch X 4 Inch Stainless Steel Angle Bracket,95,100,Building Materials,Builders Hardware,Corner Braces,https://fixit.com.bd/wp-content/uploads/2020/01/16-871A.jpg
26-3369,30 Pcs Packet Transparent One Time Uses Hand Gloves,95,100,Kitchen,Small Appliances,Hand Gloves,https://fixit.com.bd/wp-content/uploads/2020/01/26-3369A.jpg
26-1821,Stainless Steel Scissor with Black Handle Zhao Sheng Brand,96,101,Kitchen,Cooking and Food Preparation,Scissors,https://fixit.com.bd/wp-content/uploads/2020/01/26-1821A.jpg
26-3442,Pink Small Rubber Hand Gloves for Kitchen & Cleaning,97,102,Kitchen,Small Appliances,Hand Gloves,https://fixit.com.bd/wp-content/uploads/2020/01/26-3442A.jpg
33-113,10mm x 5 Meter Nylon rope HMBR Brand,105,105,Tools and Hardware,Chain and Rope,Rope,https://fixit.com.bd/wp-content/uploads/2020/01/33-113A.jpg
04-604,17mm Stainless Steel Bi-Hex ring & open Jaw dual Wrench Feibao Brand,100,105,Tools and Hardware,Hand Tools,Wrenches,https://fixit.com.bd/wp-content/uploads/2020/01/04-604A.jpg
26-3196,Stainless Steel Can Opener with Bottle Opener,102,107,Kitchen,Cooking and Food Preparation,Can Openers,https://fixit.com.bd/wp-content/uploads/2020/01/26-3196A.jpg
26-3340,2 Pcs Pack Pink & Yellow Steel Wool Sponge,57,57,Cleaning,Cleaning Tools and Supplies,Sponges and Scouring Pads,https://fixit.com.bd/wp-content/uploads/2020/01/26-3340A.jpg
05-1261,25mm Antique Copper Color Pipe Socket Victorian Cut Design,103,108,Plumbing,Pipes and Fittings,Steel Pipe and Fittings,https://fixit.com.bd/wp-content/uploads/2020/01/05-1261-web.jpg
26-1753,Plastic Metal Household Food Clamp Clip Large Size Bread Tong,105,110,Kitchen,Cooking and Food Preparation,Tongs and Forks,https://fixit.com.bd/wp-content/uploads/2020/01/26-1753A.jpg
26-1796,Plastic Lemon Orange & Fruit Juicer Squeezer with Cup,105,110,Kitchen,Small Appliances,Kitchen Accessories,https://fixit.com.bd/wp-content/uploads/2020/01/26-1796A.jpg
26-1831,Traditional Stainless Steel Food Tongs,105,110,Kitchen,Cooking and Food Preparation,Tongs and Forks,https://fixit.com.bd/wp-content/uploads/2020/01/26-1831A.jpg
26-3162,Off White Color Cloth Brush,105,110,Cleaning,Cleaning Tools and Supplies,Cloth Brushes,https://fixit.com.bd/wp-content/uploads/2020/01/26-3162A.jpg
26-3436,White & Pink Kitchen Cleaner Sponge Pair,105,110,Cleaning,Cleaning Tools and Supplies,Sponges and Scouring Pads,https://fixit.com.bd/wp-content/uploads/2020/01/26-3436A.jpg
26-3457,Steel Wool With Small Plastic Handle for better grip & faster clean,105,110,Kitchen,Small Appliances,Scrubbers and Sponges,https://fixit.com.bd/wp-content/uploads/2020/01/26-3457A.jpg
18-134,12 Inch Iron Sickle with Wooden Handle HMBR Brand,106,106,Lawn and Garden,Garden Tools,Gardening Tools,https://fixit.com.bd/wp-content/uploads/2020/01/18-134A.jpg
24-011,100 ml Draino Powder Drain Cleaner/Clog Remover HMBR Brand,90,90,Plumbing,Drain Openers,Chemical Drain Cleaners|Qurbani Specials,https://fixit.com.bd/wp-content/uploads/2020/01/24-011-web.jpg
20-1213,14 Inch Size 350mm Off-White Color 24 Pcs Packet Cable Tie,114,120,Electrical,Electrical Tools and Accessories,Cable Tie,https://fixit.com.bd/wp-content/uploads/2020/01/20-1213A.jpg
26-3234,Stainless Steel Key Holder with Key Ring Rimei Brand,114,120,Tools and Hardware,Keys and Accessories,,https://fixit.com.bd/wp-content/uploads/2020/01/26-3234A.jpg
26-3766,(1 Kg Capacity) 3 Pcs FishStar &amp; Squid Multi Color Adhesive Picture Hook (Sticks to Wall),86,86,Tools and Hardware,Fasteners,Picture and Mirror Hanging,https://fixit.com.bd/wp-content/uploads/2020/01/26-3336A.jpg
26-3430,Metal Pet Dogs Key Holder Puppy Key Ring,114,120,Tools and Hardware,Keys and Accessories,,https://fixit.com.bd/wp-content/uploads/2020/01/26-3430A.jpg
26-3465,Green Color Cloth Brush with Plastic handle,114,120,Cleaning,Cleaning Tools and Supplies,Cloth Brushes,https://fixit.com.bd/wp-content/uploads/2020/01/26-3465A.jpg
26-3474,(1.5 Kg Capacity) 2 Pcs Green Color Hand and Foot Adhesive Picture Hook (Sticks to Wall),114,120,Tools and Hardware,Fasteners,Picture and Mirror Hanging,https://fixit.com.bd/wp-content/uploads/2020/01/26-3474B.jpg
28-098,150 gm Liquid Rat killing Poison,114,120,Lawn and Garden,Insect and Pest Control,Animal and Rodent Control,https://fixit.com.bd/wp-content/uploads/2020/01/28-098-web.jpg
36-467,15mm Stapler Pin Kangaro Brand,86,86,Storage and Organization,Office Supplies,Stapler Pins,https://fixit.com.bd/wp-content/uploads/2020/01/36-467A.jpg
36-468,17mm Stapler Pin Kangaro Brand,86,86,Storage and Organization,Office Supplies,Stapler Pins,https://fixit.com.bd/wp-content/uploads/2020/01/36-468B.jpg
20-1299,Green Color Tin Suction Pump WynnÂ’s Brand,120,126,Tools and Hardware,Welding &amp; Soldering,Soldering,https://fixit.com.bd/wp-content/uploads/2020/01/20-1299A.jpg
26-3237,Stainless Steel Scissor Rimei Brand,123,129,Tools and Hardware,Hand Tools,Scissors,https://fixit.com.bd/wp-content/uploads/2020/01/26-3237A.jpg
26-775,1.5 Volts AAA-Size Alkaline Battery Maxell Brand,95,95,Electrical,Batteries,Household Batteries,https://fixit.com.bd/wp-content/uploads/2020/01/26-775-web.jpg
26-1697,1.5 Volts AA Size Alkaline Battery Maxell Brand,103,103,Electrical,Batteries,Household Batteries,https://fixit.com.bd/wp-content/uploads/2020/01/26-1697-web.jpg
26-1747,2 Pcs Packet 1.5 Volts AAA Size Alkaline Battery Sony Brand,103,103,Electrical,Batteries,Household Batteries,https://fixit.com.bd/wp-content/uploads/2020/01/26-1747A.jpg
26-1759,Stainless Steel Egg Separator â€“ Keeps the Yolk and Drains Egg White,114,114,Kitchen,Cooking and Food Preparation,Egg Separator,https://fixit.com.bd/wp-content/uploads/2020/01/26-1759A.jpg
27-045,Transparent Safety Goggles HMBR Brand,120,120,Tools and Hardware,Safety Gear and Equipment,Safety Gear,https://fixit.com.bd/wp-content/uploads/2020/01/27-045.jpg
05-1438,Antique Copper Color Double Coat Hook Victorian Cut Design,133,140,Storage and Organization,Home Storage Hooks,Hooks,https://fixit.com.bd/wp-content/uploads/2020/01/05-1438A.jpg
05-1594,96mm Furniture Doba Handle Victorian Design,133,140,Tools and Hardware,Cabinet and Furniture Hardware,Pulls,https://fixit.com.bd/wp-content/uploads/2020/01/05-1594A.jpg
26-2757,White & Yellow Color Plastic Egg Separator - Keeps the Yolk and Drains Egg White,133,140,Kitchen,Cooking and Food Preparation,Bakeware,https://fixit.com.bd/wp-content/uploads/2020/01/26-2757A.jpg
19-1036,48 Inch Stainless Steel Aluminium Connection Pipe HMBR Brand,162,162,Plumbing,Pipes and Fittings,Steel Pipe and Fittings,https://fixit.com.bd/wp-content/uploads/2020/01/19-1036A.jpg
06-305,3 Digit Resettable Combination Padlock Changhao Brand,143,150,Tools and Hardware,Safety and Security,Pad Locks,https://fixit.com.bd/wp-content/uploads/2020/01/06-305A.jpg
26-3373,Red Large Rubber Hand Gloves for Kitchen & Cleaning,143,150,Kitchen,Small Appliances,Hand Gloves,https://fixit.com.bd/wp-content/uploads/2020/01/26-3373A.jpg
01-023,1.75 Inch Planer Iron HMBR Brand,128,128,Tools and Hardware,Hand Tools,Planes,https://fixit.com.bd/wp-content/uploads/2020/01/01-023A.jpg
05-488,Heavy Duty Glass Shelf Holder HMBR Brand (4 Pcs Pack for 2 Shelves),135,135,Bath and Faucets,Bathroom Accessories and Hardware,Bath Shelves,https://fixit.com.bd/wp-content/uploads/2020/01/05-488A.jpg
26-2380,12 Inch Metal Rat Trap Box,150,150,Lawn and Garden,Insect and Pest Control,Animal and Rodent Control,https://fixit.com.bd/wp-content/uploads/2020/01/26-2380-web.jpg
04-605,21mm Stainless Steel Bi-Hex ring & open Jaw dual Wrench Feibao Brand,152,160,Tools and Hardware,Hand Tools,Wrenches,https://fixit.com.bd/wp-content/uploads/2020/01/04-605A.jpg
05-1567,128mm Antique Brass Color Furniture Handle Victorian Design 8036,152,160,Tools and Hardware,Cabinet and Furniture Hardware,Pulls,https://fixit.com.bd/wp-content/uploads/2020/01/05-1567A.jpg
05-1568,128mm Antique Copper Color Furniture Handle Victorian Design 8710,152,160,Tools and Hardware,Cabinet and Furniture Hardware,Pulls,https://fixit.com.bd/wp-content/uploads/2020/01/05-1568A.jpg
05-1573,96mm Antique Brass Color Furniture Handle Victorian Design 8005,152,160,Tools and Hardware,Cabinet and Furniture Hardware,Pulls,https://fixit.com.bd/wp-content/uploads/2020/01/05-1573A.jpg
05-1591,96mm Antique Copper Color Furniture Handle 8005,152,160,Tools and Hardware,Cabinet and Furniture Hardware,Pulls,https://fixit.com.bd/wp-content/uploads/2020/01/05-1591A.jpg
26-2035,Black Bottle Opener with Cork Screw and Knife,152,160,Kitchen,Cooking and Food Preparation,Can Openers,https://fixit.com.bd/wp-content/uploads/2020/01/26-2035A.jpg
26-3372,300  ml Yellow & White Color Plastic Spray Bottle - Garden Kitchen,152,160,Cleaning,Cleaning Tools and Supplies,Spray Bottles,https://fixit.com.bd/wp-content/uploads/2020/01/26-3372A.jpg
05-1044,14 Inch 3 Folding Ball Ball Bearing Drawer Channel,156,164,Tools and Hardware,Cabinet and Furniture Hardware,Drawer Channel,https://fixit.com.bd/wp-content/uploads/2020/01/05-1044A.jpg
05-1051,8 Inch Length Antique Copper Color Stainless Steel Tower Bolt (Chitkani),157,165,Tools and Hardware,Cabinet and Furniture Hardware,Latches ( Chitkini ),https://fixit.com.bd/wp-content/uploads/2020/01/05-1051A.jpg
05-1052,8 Inch Length Antique Brass Color Stainless Steel Tower Bolt (Chitkani),157,165,Tools and Hardware,Cabinet and Furniture Hardware,Latches ( Chitkini ),https://fixit.com.bd/wp-content/uploads/2020/01/05-1052A.jpg
26-719,150 Pcs Packet Naphthalene Balls,149,149,Lawn and Garden,Insect and Pest Control,Home and Perimeter Insect Control,https://fixit.com.bd/wp-content/uploads/2020/01/26-719-web.jpg
05-1549,128mm Antique Brass Color Furniture Handle Victorian Design 8002,171,180,Tools and Hardware,Cabinet and Furniture Hardware,Pulls,https://fixit.com.bd/wp-content/uploads/2020/01/05-1549A.jpg
05-1566,4 Inch Aluminum Silver Color Furniture Doba Handle,171,180,Tools and Hardware,Cabinet and Furniture Hardware,Pulls,https://fixit.com.bd/wp-content/uploads/2020/01/05-1566A.jpg
05-1571,128mm Antique Copper Color Furniture Handle Victorian Design 8002,171,180,Tools and Hardware,Cabinet and Furniture Hardware,Pulls,https://fixit.com.bd/wp-content/uploads/2020/01/05-1571A.jpg
05-1574,96mm Stainless Steel Silver Color Furniture Handle Minimalist Design,171,180,Tools and Hardware,Cabinet and Furniture Hardware,Pulls,https://fixit.com.bd/wp-content/uploads/2020/01/05-1574A.jpg
05-1583,128mm Antique Copper Color Furniture Handle 8016,171,180,Tools and Hardware,Cabinet and Furniture Hardware,Pulls,https://fixit.com.bd/wp-content/uploads/2020/01/05-1583A.jpg
26-3331,Green Large Rubber Hand Gloves for Kitchen & Cleaning,170,170,Kitchen,Small Appliances,Hand Gloves,https://fixit.com.bd/wp-content/uploads/2020/01/26-3331A.jpg
26-3344,Stainless Steel Kitchen Scissor Tong Yellow Plastic Handle for Hot Foods,171,180,Kitchen,Small Appliances,Kitchen Accessories,https://fixit.com.bd/wp-content/uploads/2020/01/26-3344A.jpg
26-3378,300  ml Green Color Small Spray Bottle,171,180,Cleaning,Cleaning Tools and Supplies,Spray Bottles,https://fixit.com.bd/wp-content/uploads/2020/01/26-3378A.jpg
29-163,2 Inch x 0.50 mm Multi Color Duct Tape SOMITAPE Brand,171,180,Paint,Duct Tape Glues and Epoxy,Painters Tape and Duct Tape,https://fixit.com.bd/wp-content/uploads/2020/01/29-163.jpg
26-2537,Plastic Pink & White Corek Screw Wine Opener,172,180,Kitchen,Wine and Bar Tools,Wine Openers,https://fixit.com.bd/wp-content/uploads/2020/01/26-2537A.jpg
33-030,0.20 Inch Heavy Duty Traditional Brown Cotton Rope,203,203,Tools and Hardware,Chain and Rope,Rope,https://fixit.com.bd/wp-content/uploads/2020/01/33-030-web.jpg
30-042,400 ml Rose Pink Color Spray Paint Bosny Brand,238,238,Paint,Spray Paint,General Purpose,https://fixit.com.bd/wp-content/uploads/2020/01/Rose-Pink-1.jpg
05-1554,4 Inch Aluminum Silver Color Furniture Hollow Cabinet Handle,181,190,Tools and Hardware,Cabinet and Furniture Hardware,Pulls,https://fixit.com.bd/wp-content/uploads/2020/01/05-1554.jpg
26-3454,300  ml Green Color Spray Bottle,105,105,Cleaning,Cleaning Tools and Supplies,Spray Bottles,https://fixit.com.bd/wp-content/uploads/2020/01/26-3454A.jpg
26-2081,Adult Size Light Weight & Reusable Raincoat,162,162,Cleaning,Personal Care,Rain Coat,https://fixit.com.bd/wp-content/uploads/2020/01/26-2081A.jpg
40-286,10 Pcs Multi Color Stick Pet Dog Chewing Food,200,210,Outdoor Living,Pet Supplies and Wildlife,Pet Dog Feeding Supplies,https://fixit.com.bd/wp-content/uploads/2020/01/40-286A.jpg
15-002,12 Inch Orange Color Spirit Level HMBR Brand,240,240,Tools and Hardware,Hand Tools,Measure and Layout Tools,https://fixit.com.bd/wp-content/uploads/2020/01/15-002-web.jpg
18-049,Black Color Plastic Hose Pipe Holder Pipe Wrapper,238,238,Lawn and Garden,Watering and Irrigation,Pipe Holders,https://fixit.com.bd/wp-content/uploads/2020/01/18-049A.jpg
40-114,6 Inch 2 Pcs Packet Yellow Rubber Pet Dog Bone Chewing Toy,208,220,Outdoor Living,Pet Supplies and Wildlife,Pet Dog Supplies,https://fixit.com.bd/wp-content/uploads/2020/01/40-114.jpg
26-3314,Stainless Steel Heavy Duty Can Opener with Dual Bottle Opener,214,225,Kitchen,Cooking and Food Preparation,Can Openers,https://fixit.com.bd/wp-content/uploads/2020/01/26-3314A.jpg
06-303,3 Digit Black Color Resettable Combination Padlock Lock Changhao Brand,238,250,Tools and Hardware,Safety and Security,Pad Locks,https://fixit.com.bd/wp-content/uploads/2020/01/06-303A.jpg
26-1780,6 Inch Stainless Steel Tong With Plastic Black Handle,238,250,Kitchen,Cooking and Food Preparation,Tongs and Forks,https://fixit.com.bd/wp-content/uploads/2020/01/26-1780-web.jpg
26-3476,Stainless Steel Large Size BBQ Tray & Tong with Wooden Handle,238,250,Kitchen,Small Appliances,Barbecue Accessories,https://fixit.com.bd/wp-content/uploads/2020/01/26-3476A.jpg
05-862,128mm Antique Brass Color Furniture Handle 292,220,220,Tools and Hardware,Cabinet and Furniture Hardware,Pulls,https://fixit.com.bd/wp-content/uploads/2020/01/05-862A.jpg
19-527,Stainless Steel Single Outlet Mixer Kitchen Faucet including 2 pcs Aluminium Connection Pipe,428,428,Bath and Faucets,Bath Faucets and Shower heads,Kitchen Faucets,https://fixit.com.bd/wp-content/uploads/2020/01/19-527A.jpg
26-3353,Foam Mop Glass Wiper with Handle,245,260,Cleaning,Cleaning Tools and Supplies,Mops and Mop Accessories,https://fixit.com.bd/wp-content/uploads/2020/01/26-3353A.jpg
13-244,12mm Metal Twist Drill Bit Wynn's Brand,260,274,Tools and Hardware,Power Tool Accessories,Drill Bits,https://fixit.com.bd/wp-content/uploads/2020/01/13-244-web.jpg
05-1045,16 Inch 3 Folding Ball Bearing Drawer Channel,262,276,Tools and Hardware,Cabinet and Furniture Hardware,Drawer Channel,https://fixit.com.bd/wp-content/uploads/2020/01/05-1044.jpg
30-046,400 ml Clear Lacquer Glossy Spray Paint Bosny Brand,242,242,Paint,Spray Paint,General Purpose,https://fixit.com.bd/wp-content/uploads/2020/01/30-046.jpg
30-135,400 ml Grass Green Color Spray Paint Bosny Brand,240,240,Paint,Spray Paint,General Purpose,https://fixit.com.bd/wp-content/uploads/2020/01/grass-green.jpg
30-136,400 ml River Blue Color Acrylic Spray Paint Bosny Brand,240,240,Paint,Spray Paint,General Purpose,https://fixit.com.bd/wp-content/uploads/2020/01/River-Blue.jpg
30-490,400 ml Vespa White Color Acrylic Spray Paint Bosny Brand,242,242,Paint,Spray Paint,General Purpose,https://fixit.com.bd/wp-content/uploads/2020/01/vespa-white.jpg
27-122,3 Pcs Safety Protection Set Ear Protector Dust Mask and Safety Goggle HMBR Brand,150,330,Tools and Hardware,Safety and Security,Hearing Protection,https://fixit.com.bd/wp-content/uploads/2020/01/27-122-web.jpg
01-1006,1 2 & 3 Inch Size 3 Pcs Clamp Set Red Color HMBR Brand,260,278,Tools and Hardware,Hand Tools,Clamps and Vises,https://fixit.com.bd/wp-content/uploads/2020/01/01-1006.jpg
05-1487,96 mm Antique Copper Color Furniture Handle Victorian Cut Design,361,361,Tools and Hardware,Cabinet and Furniture Hardware,Pulls,https://fixit.com.bd/wp-content/uploads/2020/01/05-1487A.jpg
26-2859,1.2 Liter All purpose Cleaner Evergreen H2O Brand,303,319,Cleaning,Household Cleaners,All Purpose Cleaners,https://fixit.com.bd/wp-content/uploads/2020/01/26-2859A.jpg
33-023,102 gm 0.20 Inch Yellow Color Polyester/Nylon Rope,279,279,Tools and Hardware,Chain and Rope,Rope,https://fixit.com.bd/wp-content/uploads/2020/01/33-023-web.jpg
40-109,8 Inch Yellow Rubber Pet Dog Bone Chewing Toy,304,320,Outdoor Living,Pet Supplies and Wildlife,Pet Dog Supplies,https://fixit.com.bd/wp-content/uploads/2020/01/40-109-web.jpg
01-1027,240 Volt 50/60Hz 60W Glue Gun HMBR Brand with Cord Fast Heating High Quality,290,290,Paint,Duct Tape Glues and Epoxy,Glues and Epoxy,https://fixit.com.bd/wp-content/uploads/2020/01/01-1027-2.jpg
26-1734,900g Liquid Good Maid Mosaic Cleaner,340,340,Cleaning,Household Cleaners,Floor Cleaners,https://fixit.com.bd/wp-content/uploads/2020/01/26-1734.jpg
27-072,Mens Black Color Leather Half Finger Hand Gloves Bikers Gloves for Use with Motor Bikes,288,288,Tools and Hardware,Safety Gear and Equipment,Work Gloves,https://fixit.com.bd/wp-content/uploads/2020/01/27-072.jpg
19-305,High Pressure Multi Function Water Jet Spray Gun Brass Hose Nozzle HMBR Brand,293,293,Lawn and Garden,Watering and Irrigation,Spray Guns,https://fixit.com.bd/wp-content/uploads/2020/01/19-305A.jpg
26-217,100  ml Metal Polish for Silver Gold Aluminium &amp; Chrome Silvo Brand,333,333,Cleaning,Cleaning Tools and Supplies,Metal Polish,https://fixit.com.bd/wp-content/uploads/2020/01/26-217A.jpg
27-048,Green &amp; Orange Color Safety Security Vest,247,247,Tools and Hardware,Safety Gear and Equipment,Life Jackets &amp; Vests,https://fixit.com.bd/wp-content/uploads/2020/01/27-048-web.jpg
26-3367,7 Pcs Stainless Steel Manicure Set J-0487 with Cuticle clipper Nail Cutter Scissors Dirt Remover and File,330,347,Cleaning,Personal Care,Nail Care,https://fixit.com.bd/wp-content/uploads/2020/01/26-3367A.jpg
06-301,3 Digit Golden Color Resettable Combination Padlock Changhao Brand,333,350,Tools and Hardware,Safety and Security,Pad Locks,https://fixit.com.bd/wp-content/uploads/2020/01/06-301A.jpg
26-2997,60 m x 30 cm Clear Plastic Food Wrapper GIANUO Brand Saran Wrap,333,350,Kitchen,Kitchen Storage and Organization,Clear Foil,https://fixit.com.bd/wp-content/uploads/2020/01/26-2997A.jpg
19-832,White Color Plastic Wall Mounting Soap Dispenser,307,307,Bath and Faucets,Bathroom Accessories and Hardware,Soap Dishes,https://fixit.com.bd/wp-content/uploads/2020/01/19-832A.jpg
05-1286,22 Inch Ball Ball Bearing Drawer Channel,359,378,Tools and Hardware,Cabinet and Furniture Hardware,Drawer Channel,https://fixit.com.bd/wp-content/uploads/2020/01/05-1286A.jpg
28-109,250 ml Bed-Bug Control Spray (Spray on Bed to remove Bed Bugs),340,340,Lawn and Garden,Insect and Pest Control,Home and Perimeter Insect Control,https://fixit.com.bd/wp-content/uploads/2020/01/kill-bug.jpg
01-416,10.5 Inch Empty Plastic Tool Box HMBR Brand,370,389,Tools and Hardware,Tools Storage,Portable Tool Boxes,https://fixit.com.bd/wp-content/uploads/2020/01/01-416-web.jpg
03-030,4 Pcs Carbide Steel Hole Saw Set HMBR Brand used for Door Lock Installation,245,245,Tools and Hardware,Hand Tools,Hand Saws and Cutting Tools,https://fixit.com.bd/wp-content/uploads/2020/01/03-030-web.jpg
05-1602,6 Inch Golden Color Stainless Steel Tower Bolt (Chitkani),374,393,Tools and Hardware,Cabinet and Furniture Hardware,Latches ( Chitkini ),https://fixit.com.bd/wp-content/uploads/2020/01/05-1602A.jpg
05-1477,96 mm Antique Brass Color Furniture Handle Victorian Cut Design,375,395,Tools and Hardware,Cabinet and Furniture Hardware,,https://fixit.com.bd/wp-content/uploads/2020/01/05-1477A.jpg
05-1596,96mm Antique Copper Color Furniture Handle L158,390,410,Tools and Hardware,Cabinet and Furniture Hardware,Pulls,https://fixit.com.bd/wp-content/uploads/2020/01/05-1596A.jpg
30-280,400 ml Deep Green Color Spray Paint Bosny Brand,365,365,Paint,Spray Paint,General Purpose,https://fixit.com.bd/wp-content/uploads/2020/01/Deep-Grean.jpg
06-304,4 Digit Stainless Steel Resettable Combination Padlock Lock Changhao Brand,409,430,Tools and Hardware,Safety and Security,Pad Locks,https://fixit.com.bd/wp-content/uploads/2020/01/06-304A.jpg
14-039,4 Inch Cutting Plier with Plastic Handle Wynn's Brand,485,485,Tools and Hardware,Hand Tools,Pliers,https://fixit.com.bd/wp-content/uploads/2020/01/14-039-web.jpg
18-294,5 Pcs Connector Wide Spray Gun for Different Size Pipe,418,440,Lawn and Garden,Watering and Irrigation,Spray Guns,https://fixit.com.bd/wp-content/uploads/2020/01/18-294A.jpg
26-2788,6 Inch Stainless Steel Scissor Dragon Design Heavy Duty,385,385,Tools and Hardware,Hand Tools,Scissors,https://fixit.com.bd/wp-content/uploads/2020/01/26-2788-web.jpg
05-1601,6 Inch Antique Copper Color Stainless Steel Tower Bolt (Chitkani),424,446,Tools and Hardware,Cabinet and Furniture Hardware,Latches ( Chitkini ),https://fixit.com.bd/wp-content/uploads/2020/01/05-1601A.jpg
03-108,60mm Metal Round Head Glass Cutter,428,450,Tools and Hardware,Hand Tools,Glass Cutters,https://fixit.com.bd/wp-content/uploads/2020/01/03-108-web.jpg
30-255,400 ml Silver Color Spray Paint Bosny Brand,238,238,Paint,Spray Paint,General Purpose,https://fixit.com.bd/wp-content/uploads/2020/01/bosny-silver-spray-paint-400cc.jpg
05-1069,Antique Brass Color Fish Eye Door Viewer Set EZ Brand,523,523,Tools and Hardware,Door Knobs and Hardware,Door Viewers,https://fixit.com.bd/wp-content/uploads/2020/01/05-1069.jpg
33-117,10mm x 30 Meter Nylon rope HMBR Brand,432,432,Tools and Hardware,Chain and Rope,Rope,https://fixit.com.bd/wp-content/uploads/2020/01/33-117A.jpg
13-242,13mm Metal Twist Drill Bit Wynn's Brand,485,510,Tools and Hardware,Power Tool Accessories,Drill Bits,https://fixit.com.bd/wp-content/uploads/2020/01/13-242-web.jpg
14-134,Mini Cutting Plier with Yellow Color Rubber Handle WynnÂ’s Brand,428,428,Tools and Hardware,Hand Tools,Pliers,https://fixit.com.bd/wp-content/uploads/2020/01/14-134-web.jpg
13-241,14mm Metal Twist Drill Bit Wynn's Brand,523,550,Tools and Hardware,Power Tool Accessories,Drill Bits,https://fixit.com.bd/wp-content/uploads/2020/01/13-241-web.jpg
26-2001,450  ml Spot Lifter and Remover Sprayway Brand,523,523,Cleaning,Household Cleaners,Cloth Cleaners,https://fixit.com.bd/wp-content/uploads/2020/01/26-2001A.jpg
26-2006,200gm Metal Polish Aluminium Silver Chrome BRASSO Brand,480,480,Cleaning,Cleaning Tools and Supplies,Metal Polish,https://fixit.com.bd/wp-content/uploads/2020/01/26-2006-web.jpg
05-1457,8 Inch Length Golden Color Stainless Steel Tower Bolt (Chitkani),557,586,Tools and Hardware,Cabinet and Furniture Hardware,Latches ( Chitkini ),https://fixit.com.bd/wp-content/uploads/2020/01/05-1457A.jpg
19-782,Portable Glass Body Liquid Soap Dispenser with Golden Chrome Outlet and Stainless Steel Stand,523,523,Bath and Faucets,Bathroom Accessories and Hardware,Soap Dishes,https://fixit.com.bd/wp-content/uploads/2020/01/19-782A.jpg
03-111,75mm Metal Round Head Glass Cutter Douniushi Matador Brand,580,610,Tools and Hardware,Hand Tools,Glass Cutters,https://fixit.com.bd/wp-content/uploads/2020/01/03-111A.jpg
26-1018,539g Glass Cleaner Sprayway Brand,630,630,Cleaning,Household Cleaners,Glass and Window Cleaners,https://fixit.com.bd/wp-content/uploads/2020/01/26-1018A.jpg
18-416,6 Inch Garden Spray Gun Heavy Duty,456,456,Lawn and Garden,Watering and Irrigation,Spray Guns,https://fixit.com.bd/wp-content/uploads/2020/01/18-293A.jpg
26-2253,Stainless Steel Cork Screw Wine Opener,618,650,Kitchen,Wine and Bar Tools,Wine Openers,https://fixit.com.bd/wp-content/uploads/2020/01/26-2253A.jpg
27-123,Short Welding Leather Gloves HMBR Brand,605,605,Tools and Hardware,Safety Gear and Equipment,Work Gloves,https://fixit.com.bd/wp-content/uploads/2020/01/27-123-web.jpg
05-1454,6 Inch Length Brass Color Stainless Steel Tower Bolt (Chitkani),713,750,Tools and Hardware,Cabinet and Furniture Hardware,Latches ( Chitkini ),https://fixit.com.bd/wp-content/uploads/2020/01/05-1454A.jpg
26-2787,7.5 Inch Stainless Steel Scissor Rimei Brand,713,750,Tools and Hardware,Hand Tools,Scissors,https://fixit.com.bd/wp-content/uploads/2020/01/26-2787A.jpg
26-3360,3 Pcs Stainless Steel Barbecue Kitchen Set includes Scraper Tong & Fork with Wooden Handle,713,750,Kitchen,Small Appliances,Barbecue Accessories,https://fixit.com.bd/wp-content/uploads/2020/01/26-3360A.jpg
26-1709,Precision Contact Cleaner Sprayway Brand,710,710,Cleaning,Household Cleaners,Electronic Cleaners,https://fixit.com.bd/wp-content/uploads/2020/01/26-1709A.jpg
05-1462,10 Inch Length Antique Copper Color Stainless Steel Tower Bolt (Chitkani),756,796,Tools and Hardware,Cabinet and Furniture Hardware,Latches ( Chitkini ),https://fixit.com.bd/wp-content/uploads/2020/01/05-1462A.jpg
09-181,5 Kg White Color Digital Weight Scale,638,638,Kitchen,Cooking and Food Preparation,ThermoMeter,https://fixit.com.bd/wp-content/uploads/2020/01/09-181A.jpg
19-744,Stainless Steel Wall Mounting Kitchen Tissue &amp; Paper Towel Holder Victory Brand,732,732,Kitchen,Small Appliances,Kitchen Accessories,https://fixit.com.bd/wp-content/uploads/2020/01/19-744A.jpg
21-169,First and Clear Epoxy Glue Bondtite Brand,850,850,Paint,Duct Tape Glues and Epoxy,,https://fixit.com.bd/wp-content/uploads/2020/01/bondtite.jpg
26-3098,High Quality Stainless Steel Meat Cleaver Butchers Knife Cenka Brand Chapati,784,784,Tools and Hardware,Hand Tools,Knives and Blades|Qurbani Specials,https://fixit.com.bd/wp-content/uploads/2020/01/26-3098.jpg
27-066,Caution Wet Floor Floor Stand Up Sign for Office or Industry,1100,1100,Tools and Hardware,Safety and Security,Floor Signs,https://fixit.com.bd/wp-content/uploads/2020/01/27-066-web-1.jpg
05-1458,8 Inch Length Antique Brass Color Stainless Steel Tower Bolt (Chitkani),903,950,Tools and Hardware,Cabinet and Furniture Hardware,Latches ( Chitkini ),https://fixit.com.bd/wp-content/uploads/2020/01/05-1458A.jpg
26-3422,Small Size Stainless Steel Bowl Strainer Heavy Duty,903,950,Kitchen,Cooking and Food Preparation,Strainers,https://fixit.com.bd/wp-content/uploads/2020/01/26-3422A.jpg
20-1732,Electric Pest Killer Fly Catcher Mosquito Trap for Restaurant Household Special Use,1300,1400,Lawn and Garden,Insect and Pest Control,Home and Perimeter Insect Control,https://fixit.com.bd/wp-content/uploads/2020/01/20-1732A.jpg
18-292,Green & Black Color Garden Hose Wide Water Spray Gun,998,1050,Lawn and Garden,Watering and Irrigation,Spray Guns,https://fixit.com.bd/wp-content/uploads/2020/01/18-292A.jpg
26-3423,Medium Size Stainless Steel Bowl Strainer Heavy Duty,998,1050,Kitchen,Cooking and Food Preparation,Strainers,https://fixit.com.bd/wp-content/uploads/2020/01/26-3423A.jpg
27-034,660  ml FIREBEATER Fire Extinguisher,1378,1378,Tools and Hardware,Safety and Security,Fire Extinguisher,https://fixit.com.bd/wp-content/uploads/2020/01/27-034-web.jpg
26-3265,White Color Touchless Automatic Liquid Soap Dispenser,1077,1077,Cleaning,Personal Care,Hand Soaps and Sanitizers,https://fixit.com.bd/wp-content/uploads/2020/01/26-3265A.jpg
27-158,1000  ml FIRESTOP Fire extinguisher Spray Portable Quick Use for Car & Home,430,430,Tools and Hardware,Safety and Security,Fire Extinguisher,https://fixit.com.bd/wp-content/uploads/2020/01/27-158-web.jpg
26-3425,Extra Large Size Stainless Steel Bowl Strainer Heavy Duty,1378,1450,Kitchen,Cooking and Food Preparation,Strainers,https://fixit.com.bd/wp-content/uploads/2020/01/26-3425A.jpg
23-378,500 ml Metal Nozzle Paint Spray Gun Wynn's Brand,1260,1260,Paint,Paint Supplies,Paint Sprayers,https://fixit.com.bd/wp-content/uploads/2020/01/23-378A.jpg
26-894,5 Liter Farmate Farm Insecticide Spray container,1568,1568,Lawn and Garden,Watering and Irrigation,,https://fixit.com.bd/wp-content/uploads/2020/01/5-Liter-Farmate.jpg
21-151,5 Kg Synthetic Resin Adhesive Fevicol Brand For Use In Furniture Heat & Water Resistant,1514,1514,Paint,Duct Tape Glues and Epoxy,Glues and Epoxy,https://fixit.com.bd/wp-content/uploads/2020/01/21-151A.jpg
18-111,16 Liter Farmate Farm Insecticide Spray container,1758,1850,Lawn and Garden,Garden Tools,Spray Bottles,https://fixit.com.bd/wp-content/uploads/2020/01/18-111A.jpg
01-521,19.6 Inch Empty Plastic Tool Box HMBR Brand,2111,2111,Tools and Hardware,Tools Storage,Portable Tool Boxes,https://fixit.com.bd/wp-content/uploads/2020/01/01-521-web.jpg
26-2328,Home T-Leg Adjustable Height 1.5 ft. x 3 ft. Striped Design Cloth Ironing Board,1663,1663,Kitchen,Cleaning and Ironing,Ironing Boards,https://fixit.com.bd/wp-content/uploads/2020/01/26-2328A.jpg
18-112,18 Liter Farmate Farm Insecticide Spray container,2138,2250,Lawn and Garden,Garden Tools,Spray Bottles,https://fixit.com.bd/wp-content/uploads/2020/01/18-112A.jpg
18-113,20 Liter Farmate Farm Insecticide Spray container,2613,2750,Lawn and Garden,Garden Tools,Spray Bottles,https://fixit.com.bd/wp-content/uploads/2020/01/18-113A.jpg
13-240,16mm Metal Twist Drill Bit Wynn's Brand,1330,1330,Tools and Hardware,Power Tool Accessories,Drill Bits,https://fixit.com.bd/wp-content/uploads/2020/01/13-240-web.jpg
23-494,10.8V 50Hz 0-550RPM Cordless Drill Machine Tolsen Brand,4300,4300,Tools and Hardware,Power Tools,Drill Machine,https://fixit.com.bd/wp-content/uploads/2020/01/tolsen-mini.jpg
05-1065,Silver Color Stainless Steel Adjustable Spring Tension Door Closer EZSET Brand,3977,3977,Tools and Hardware,Door Knobs and Hardware,Door Closers,https://fixit.com.bd/wp-content/uploads/2020/01/05-1065A.jpg
41-004,Steel Metal Wheelbarrow for Heavy Duty Garden & Construction Site Lifting,5300,5300,Qurbani Specials|Lawn and Garden,Wheelbarrows,,https://fixit.com.bd/wp-content/uploads/2020/01/wheelbarrow.jpg
23-495,Lithium Battery 14.4V Cordless Drill Machine Tolsen Brand 50Hz 1300mA Low Voltage 0-350RPM High Voltage 0-1250RPM,7700,7700,Tools and Hardware,Power Tools,Drill Machine,https://fixit.com.bd/wp-content/uploads/2020/01/tolsen3.jpg
29-032,3 Inch Aluminium Foil Tape,302,302,Storage and Organization,Office Supplies,Adhesives and Tape,https://fixit.com.bd/wp-content/uploads/2020/01/Alluiminium-Tape-50mm.jpg
30-070,400ml Silver Red Color Spray Paint Bosny Brand,238,238,Paint,Spray Paint,General Purpose,https://fixit.com.bd/wp-content/uploads/2020/01/silver-red.jpg
30-286,400ml Blue Color Spray Paint Bosny Brand,238,238,Paint,Spray Paint,General Purpose,https://fixit.com.bd/wp-content/uploads/2020/01/bosny-blue-spray-paint-400cc.jpg
30-412,400ml Signal Red Color Spray Paint Bosny Brand,238,238,Paint,Spray Paint,General Purpose,https://fixit.com.bd/wp-content/uploads/2020/01/bosny-signal-red-spray-paint-400cc.jpg
30-519,400ml Pass Red Color Spray Paint Bosny Brand,275,275,Paint,Spray Paint,General Purpose,https://fixit.com.bd/wp-content/uploads/2020/01/passred.jpg
30-482,400ml Cream Color Spray Paint Bosny Brand,191,191,Paint,Spray Paint,General Purpose,https://fixit.com.bd/wp-content/uploads/2020/01/20160613132709297.jpg
30-205,400ml Yellow Color Spray Paint Bosny Brand,250,250,Paint,Spray Paint,General Purpose,https://fixit.com.bd/wp-content/uploads/2020/01/bosny-yellow-spray-paint-400cc.jpg
30-509,400ml Mirror Chrome Spray Paint Bosny Brand,500,531,Paint,Spray Paint,General Purpose,https://fixit.com.bd/wp-content/uploads/2020/01/mirrorChrome.jpg
30-141,400 ml Copper Color Spray Paint Bosny Brand,356,356,Paint,Spray Paint,General Purpose,https://fixit.com.bd/wp-content/uploads/2020/01/bosny-kt-copper-effect-spray-200cc.jpg
26-2670,125 ml. Lighter Fluid Zippo Brand,219,219,Kitchen,Cooking and Food Preparation,Charcoal Starter and Lighters,https://fixit.com.bd/wp-content/uploads/2020/01/125-ml-lighter-fluid.jpg
23-523,220V-240V 220W 110X100mm 15000r/min Electric Sander Boda Brand,3350,3350,Tools and Hardware,Power Tools,Sander Machine,https://fixit.com.bd/wp-content/uploads/2020/01/23-523.jpg
23-522,220-240V 50/60Hz 400W 14000r/min Aspirator Blower Total Brand,1404,1404,Tools and Hardware,Power Tools,Dust Blower,https://fixit.com.bd/wp-content/uploads/2020/01/23-522.jpg
23-519,220-240V 50Hz 1400W 4800rpm Electric Circular Saw and Cutter Total Brand,5065,5331,Tools and Hardware,Power Tools,Circular Saw,https://fixit.com.bd/wp-content/uploads/2020/01/23-519.jpg
23-517,18V 0.8-10mm 0-1350r/min Li-ion Cordless Impact Drill Total Brand With 53pcs Accessories,9500,9500,Tools and Hardware,Power Tools,Drill Machine,https://fixit.com.bd/wp-content/uploads/2020/01/23-517-1.jpg
23-450,220V 230W 4500rpm Drill Machine Makita Brand,5225,5225,Tools and Hardware,Power Tools,Drill Machine,https://fixit.com.bd/wp-content/uploads/2020/01/23-450.jpg
21-115,750 ml Polyurethane Foam Spray Tiger Brand,710,710,Building Materials,Industrial Sealants,,https://fixit.com.bd/wp-content/uploads/2020/01/foam.jpg
01-1464, 17 Inch Tool Bag Tolsen Brand 80101,1600,1600,Tools and Hardware,Tools Storage,Portable Tool Boxes,https://fixit.com.bd/wp-content/uploads/2020/01/Tool-Bag-Tolsen-Brand-80101.jpg
Fixit-80103, 16 Inch Tool Bag Tolsen Brand 80103,2610,2610,Tools and Hardware,Tools Storage,Portable Tool Boxes,https://fixit.com.bd/wp-content/uploads/2020/01/Tool-Bag-Tolsen-Brand-80103.jpg
21-136,30 ml Super Glue Adhesive Quickfix Brand,76,76,Paint,Duct Tape Glues and Epoxy,Glues and Epoxy,https://fixit.com.bd/wp-content/uploads/2020/01/21-136A.jpg
26-1200 A,500 ml Vanilla Scented Fabric Freshener for Sofa Carpet Curtain & Sheets Zepto Brand,180,180,Cleaning,Household Cleaners,Cloth Cleaners|Cleaning,https://fixit.com.bd/wp-content/uploads/2020/01/lemonfabricfreshener.jpg
15-011,36 Inch Spirit Level HMBR Brand,513,513,Tools and Hardware,Hand Tools,Measure and Layout Tools,https://fixit.com.bd/wp-content/uploads/2020/01/15-011.jpg
18-417,Orange &amp; Black Color Garden Hose Wide Water Spray Gun,656,656,Lawn and Garden,Watering and Irrigation,Spray Guns,https://fixit.com.bd/wp-content/uploads/2020/01/18-417A.jpg
26-4109,Foam Mop & Glass Wiper 353028,90,90,Cleaning,Cleaning Tools and Supplies,Mops and Mop Accessories,https://fixit.com.bd/wp-content/uploads/2020/01/26-4109.jpg
18-418,4pcs Plastic Water Hose Spray Nozzle Gun Set,810,810,Lawn and Garden,Watering and Irrigation,Spray Guns,https://fixit.com.bd/wp-content/uploads/2020/01/18-418-1.jpg
26-4129,6 Inch White Color Plastic Handle Hand Brush China Brand,115,115,Cleaning,Cleaning Tools and Supplies,Hand Brushes,https://fixit.com.bd/wp-content/uploads/2020/01/26-4129-2.jpg
26-4130,6 Inch Pink Color Plastic Handle Hand Brush 838002,50,50,Cleaning,Cleaning Tools and Supplies,Hand Brushes,https://fixit.com.bd/wp-content/uploads/2020/01/26-4130b.jpg
26-4128,5.5 Inch White Color Plastic Handle Hand Brush China Brand 41388,125,125,Cleaning,Cleaning Tools and Supplies,Hand Brushes,https://fixit.com.bd/wp-content/uploads/2020/01/26-4128b.jpg
26-4127,6 Inch White Color Cloth Brush with Plastic handle China Brand 41386B,125,125,Cleaning,Cleaning Tools and Supplies,Cloth Brushes,https://fixit.com.bd/wp-content/uploads/2020/01/26-4127b.jpg
26-4119,Pink Color Plastic Floor cleaning With Long Handle 3093,170,170,Cleaning,Cleaning Tools and Supplies,Floor Brushes,https://fixit.com.bd/wp-content/uploads/2020/01/26-4119.jpg
26-4118,Plastic Belcha with Brush Long Handle  6601,180,180,Cleaning,Cleaning Tools and Supplies,Floor Brushes,https://fixit.com.bd/wp-content/uploads/2020/01/26-4118.jpg
26-1492,450 ml Furniture Polish Spray Flamingo Brand,280,280,Cleaning,Household Cleaners,Furniture and Upholstery Cleaners|Cleaning,https://fixit.com.bd/wp-content/uploads/2020/01/IMG_3922.jpg
26-4152,9 Inch Stainless Steel Black Handle Knife Guanhui Brand,35,35,Kitchen,Cooking and Food Preparation,Graters and Peelers,https://fixit.com.bd/wp-content/uploads/2020/01/26-4152.jpg
19-020,1 Inch Metal Hose Clamp (Fit Rubber Pipes with Garden Taps),10,10,Lawn and Garden,Watering and Irrigation,Spray Guns,https://fixit.com.bd/wp-content/uploads/2020/01/19-020-web.jpg
16-017,2 Inch (4 Pcs Packet) Stainless Steel Round Hook Screw In Install,42,42,Storage and Organization,Home Storage Hooks,Hooks,https://fixit.com.bd/wp-content/uploads/2020/01/16-017A.jpg
16-253,3 Inch 2 Pcs Packet J Shape Screw,22,22,Storage and Organization,Home Storage Hooks,Hooks,https://fixit.com.bd/wp-content/uploads/2020/01/16-253B-2.jpg
16-322,2 Inch (4 Pcs Packet) Stainless Steel Round Hook Screw,12,12,Storage and Organization,Home Storage Hooks,Hooks,https://fixit.com.bd/wp-content/uploads/2020/01/16-322.jpg
16-356,12mm (5 Pcs Packet) Iron LN Key Cap Screw,25,25,Tools and Hardware,Screws Nails and Anchors,,https://fixit.com.bd/wp-content/uploads/2020/01/16-356A-2.jpg
16-832,3/4 Inch (6 Pcs Packet) Stainless Steel Round Hook Screw In Install,14,14,Storage and Organization,Home Storage Hooks,Hooks,https://fixit.com.bd/wp-content/uploads/2020/01/16-832-b-2.jpg
30-066,400 ml Orange Yellow Color Spray Paint Bosny Brand,242,242,Paint,Spray Paint,General Purpose,https://fixit.com.bd/wp-content/uploads/2020/01/20160613113038169.png
30-067,400 ml Lemon Yellow Color Spray Paint Bosny Brand,242,242,Paint,Spray Paint,General Purpose,https://fixit.com.bd/wp-content/uploads/2020/01/81LPY9FAEkL.png
20-1779,24 Inch White Color Rechargeable Electrical Mosquito Racket with Torch Light HMBR Brand,375,394,Lawn and Garden,Insect and Pest Control,Home and Perimeter Insect Control,https://fixit.com.bd/wp-content/uploads/2020/01/20-1779.jpg
B-218,0.5 Kg Wood Filter Bosny Brand,450,450,Building Materials,,,https://fixit.com.bd/wp-content/uploads/2020/01/wood_filler_B.jpg
30-540,400 ml Olive Green Color Spray Paint Bosny Brand,270,270,Paint,Spray Paint,General Purpose,https://fixit.com.bd/wp-content/uploads/2020/01/olive-green.jpg
30-885,400 ml Silver Grey Color Spray paint Bosny Brand,250,250,Paint,Spray Paint,General Purpose,https://fixit.com.bd/wp-content/uploads/2020/01/silver-grey.jpg
30-886,400 ml Light Grey Spray Paint Bosny Brand,270,270,Paint,Spray Paint,General Purpose,https://fixit.com.bd/wp-content/uploads/2020/01/light-grey.jpg
30-887,400 ml Mazada Color Spray Paint Bosny Brand,250,250,Paint,Spray Paint,General Purpose,https://fixit.com.bd/wp-content/uploads/2020/01/mazada.jpg
30-851,400 ml Violet Color Spray Paint Bosny Brand,270,270,Paint,Spray Paint,General Purpose,https://fixit.com.bd/wp-content/uploads/2020/01/violet-color.jpg
30-852,400 ml Baltic White Color Spray Paint Bosny Brand,270,270,Paint,Spray Paint,General Purpose,https://fixit.com.bd/wp-content/uploads/2020/01/baltic-white.jpg
30-513,400 ml Royal Ivory Color Spray paint Bosny Brand,270,270,Paint,Spray Paint,General Purpose,https://fixit.com.bd/wp-content/uploads/2020/01/royal-ivory.jpg
30-541,400 ml Kubota Color Spray Paint Bosny Brand,270,270,Paint,Spray Paint,General Purpose,https://fixit.com.bd/wp-content/uploads/2020/01/kubota.jpg
30-858,400 ml Suzuki S-16 Color Spray Paint Bosny Brand,270,270,Paint,Spray Paint,General Purpose,https://fixit.com.bd/wp-content/uploads/2020/01/suzuki.jpg
30-860,400 ml Honda Green Color Spray Paint Bosny Brand,270,270,Paint,Spray Paint,General Purpose,https://fixit.com.bd/wp-content/uploads/2020/01/honda-green.jpg
30-861,400 ml Ford Tractor Blue Color Spray Paint Bosny Brand,270,270,Paint,Spray Paint,General Purpose,https://fixit.com.bd/wp-content/uploads/2020/01/ford-tractor-blue.jpg
30-888,400 ml Honda red Color Spray Paint Bosny Brand,350,350,Paint,Spray Paint,General Purpose,https://fixit.com.bd/wp-content/uploads/2020/01/honda-red.jpg
30-536,400 ml Metallic Brown Color Spray Paint Bosny Brand,250,275,Paint,Spray Paint,General Purpose,https://fixit.com.bd/wp-content/uploads/2020/01/metallic-brown.jpg
30-842,400 ml Sunset Color Spray Paint Bosny Brand,275,275,Paint,Spray Paint,General Purpose,https://fixit.com.bd/wp-content/uploads/2020/01/sunset.jpg
30-8844,Brass Gold Color Spray Paint Bosny Brand,350,350,Paint,Spray Paint,General Purpose,https://fixit.com.bd/wp-content/uploads/2020/01/brass-gold.jpg
30-8846,Sparkle Gold Color Spray Paint Bosny Brand,350,350,Paint,Spray Paint,General Purpose,https://fixit.com.bd/wp-content/uploads/2020/01/sparkle-gold.jpg
19-996,Stainless Steel Commode Shower Set,1020,1072,Bath and Faucets,Bath Faucets and Shower heads,,https://fixit.com.bd/wp-content/uploads/2020/01/19-996.jpg
30-414,200 CC Stainless Steel Color Spray Paint Bosny Brand,500,500,Paint,Spray Paint,General Purpose,https://fixit.com.bd/wp-content/uploads/2020/01/bosny-gold-spray-paint-400cc.jpg
12-053,Wooden Handle Shoe Brush,56,56,Cleaning,Cleaning Tools and Supplies,Shoe Brushes,https://fixit.com.bd/wp-content/uploads/2020/01/12-053.jpg
05-19195,20 Inch Stainless Steel Ball Bearing Drawer Channel,550,550,Tools and Hardware,Cabinet and Furniture Hardware,Drawer Channel,https://fixit.com.bd/wp-content/uploads/2020/01/20Inch.jpg
05-99598,16 Inch Stainless Steel Ball Bearing Drawer Channel,440,440,Tools and Hardware,Cabinet and Furniture Hardware,Drawer Channel,https://fixit.com.bd/wp-content/uploads/2020/01/16Inch.jpg
27-130,5 Kg Fire Extinguisher Carbon Dioxide (CO2),4500,4500,Tools and Hardware,Safety and Security,Fire Extinguisher,https://fixit.com.bd/wp-content/uploads/2020/01/5kg-CO2-Fire-Extinguisher.jpg
